symbol;std;signalstunde_utc;jahr;stufe
JTO;43974;2025-01-06 06:00;2025;5
TRX;43995;2025-01-07 03:00;2025;5
TURBO;44072;2025-01-10 08:00;2025;3
ORDI;44073;2025-01-10 09:00;2025;3
1INCH;44074;2025-01-10 10:00;2025;3
ADA;44074;2025-01-10 10:00;2025;3
SUPER;44074;2025-01-10 10:00;2025;3
TIA;44074;2025-01-10 10:00;2025;3
ZK;44074;2025-01-10 10:00;2025;3
ETHFI;44095;2025-01-11 07:00;2025;3
FIDA;44157;2025-01-13 21:00;2025;3
BTC;44160;2025-01-14 00:00;2025;5
RVN;44160;2025-01-14 00:00;2025;3
CTSI;44161;2025-01-14 01:00;2025;3
INJ;44161;2025-01-14 01:00;2025;3
METIS;44161;2025-01-14 01:00;2025;3
VELODROME;44161;2025-01-14 01:00;2025;3
IMX;44183;2025-01-14 23:00;2025;3
BNT;44319;2025-01-20 15:00;2025;3
ETHFI;44319;2025-01-20 15:00;2025;3
BANANA;44340;2025-01-21 12:00;2025;3
IOTX;44342;2025-01-21 14:00;2025;3
RUNE;44342;2025-01-21 14:00;2025;3
STX;44342;2025-01-21 14:00;2025;3
BLUR;44343;2025-01-21 15:00;2025;3
CHR;44343;2025-01-21 15:00;2025;3
CTSI;44343;2025-01-21 15:00;2025;3
MAGIC;44343;2025-01-21 15:00;2025;3
PORTAL;44343;2025-01-21 15:00;2025;3
BEAMX;44345;2025-01-21 17:00;2025;3
LUMIA;44345;2025-01-21 17:00;2025;3
ALGO;44415;2025-01-24 15:00;2025;3
C98;44415;2025-01-24 15:00;2025;3
MANA;44415;2025-01-24 15:00;2025;3
SSV;44415;2025-01-24 15:00;2025;3
XLM;44415;2025-01-24 15:00;2025;3
API3;44416;2025-01-24 16:00;2025;3
T;44416;2025-01-24 16:00;2025;3
AVAX;44439;2025-01-25 15:00;2025;3
BNB;44439;2025-01-25 15:00;2025;5
SCR;44529;2025-01-29 09:00;2025;3
TRX;44532;2025-01-29 12:00;2025;5
EDU;44551;2025-01-30 07:00;2025;3
FIDA;44551;2025-01-30 07:00;2025;3
MANA;44551;2025-01-30 07:00;2025;3
LINK;44553;2025-01-30 09:00;2025;3
BEAMX;44556;2025-01-30 12:00;2025;3
ETHFI;44556;2025-01-30 12:00;2025;3
CTSI;44557;2025-01-30 13:00;2025;3
ADA;44584;2025-01-31 16:00;2025;3
1INCH;44680;2025-02-04 16:00;2025;3
CHR;44680;2025-02-04 16:00;2025;3
NEO;44680;2025-02-04 16:00;2025;3
PENDLE;44680;2025-02-04 16:00;2025;3
XLM;44680;2025-02-04 16:00;2025;3
XTZ;44680;2025-02-04 16:00;2025;3
DOGS;44681;2025-02-04 17:00;2025;3
LINK;44681;2025-02-04 17:00;2025;3
MAGIC;44681;2025-02-04 17:00;2025;3
PYTH;44681;2025-02-04 17:00;2025;3
SSV;44681;2025-02-04 17:00;2025;3
STX;44681;2025-02-04 17:00;2025;3
T;44683;2025-02-04 19:00;2025;3
W;44683;2025-02-04 19:00;2025;3
PORTAL;44771;2025-02-08 11:00;2025;3
T;44773;2025-02-08 13:00;2025;3
CGPT;44901;2025-02-13 21:00;2025;3
CRV;44904;2025-02-14 00:00;2025;3
TURBO;44908;2025-02-14 04:00;2025;3
BAND;44963;2025-02-16 11:00;2025;5
ONT;44986;2025-02-17 10:00;2025;3
C98;44987;2025-02-17 11:00;2025;3
NEO;44987;2025-02-17 11:00;2025;3
QTUM;44995;2025-02-17 19:00;2025;3
DYM;45054;2025-02-20 06:00;2025;3
FIDA;45055;2025-02-20 07:00;2025;3
MAGIC;45055;2025-02-20 07:00;2025;3
ZK;45056;2025-02-20 08:00;2025;3
BANANA;45059;2025-02-20 11:00;2025;3
CHZ;45077;2025-02-21 05:00;2025;3
PENGU;45205;2025-02-26 13:00;2025;3
BAND;45213;2025-02-26 21:00;2025;3
ARPA;45214;2025-02-26 22:00;2025;3
SNX;45214;2025-02-26 22:00;2025;3
VELODROME;45214;2025-02-26 22:00;2025;3
ADA;45220;2025-02-27 04:00;2025;3
AXL;45220;2025-02-27 04:00;2025;3
NEAR;45220;2025-02-27 04:00;2025;3
PENDLE;45221;2025-02-27 05:00;2025;3
CFX;45388;2025-03-06 04:00;2025;3
ONT;45388;2025-03-06 04:00;2025;3
ADA;45447;2025-03-08 15:00;2025;3
1000CAT;45512;2025-03-11 08:00;2025;3
CHZ;45512;2025-03-11 08:00;2025;3
CRV;45512;2025-03-11 08:00;2025;3
POL;45512;2025-03-11 08:00;2025;3
ICP;45513;2025-03-11 09:00;2025;3
CVC;45516;2025-03-11 12:00;2025;3
SFP;45517;2025-03-11 13:00;2025;3
SNX;45682;2025-03-18 10:00;2025;3
TRX;45683;2025-03-18 11:00;2025;5
BAND;45795;2025-03-23 03:00;2025;3
GMX;45795;2025-03-23 03:00;2025;5
BTC;45798;2025-03-23 06:00;2025;5
ONT;45798;2025-03-23 06:00;2025;5
PENGU;45828;2025-03-24 12:00;2025;3
KAVA;45892;2025-03-27 04:00;2025;3
KAITO;45967;2025-03-30 07:00;2025;3
SUPER;45967;2025-03-30 07:00;2025;3
C98;45991;2025-03-31 07:00;2025;3
ROSE;45992;2025-03-31 08:00;2025;3
SCR;45992;2025-03-31 08:00;2025;3
INJ;45994;2025-03-31 10:00;2025;3
BAND;46040;2025-04-02 08:00;2025;3
1INCH;46041;2025-04-02 09:00;2025;3
GMX;46042;2025-04-02 10:00;2025;3
IMX;46042;2025-04-02 10:00;2025;3
W;46072;2025-04-03 16:00;2025;3
MAGIC;46077;2025-04-03 21:00;2025;3
GMX;46105;2025-04-05 01:00;2025;3
IOST;46105;2025-04-05 01:00;2025;3
QTUM;46105;2025-04-05 01:00;2025;3
TURBO;46107;2025-04-05 03:00;2025;3
VELODROME;46107;2025-04-05 03:00;2025;3
CTSI;46109;2025-04-05 05:00;2025;3
ORDI;46190;2025-04-08 14:00;2025;3
SCR;46194;2025-04-08 18:00;2025;3
C98;46197;2025-04-08 21:00;2025;3
CHR;46197;2025-04-08 21:00;2025;3
GALA;46197;2025-04-08 21:00;2025;3
IMX;46197;2025-04-08 21:00;2025;3
LUMIA;46197;2025-04-08 21:00;2025;3
METIS;46197;2025-04-08 21:00;2025;3
MOVR;46197;2025-04-08 21:00;2025;3
PENDLE;46197;2025-04-08 21:00;2025;3
SFP;46198;2025-04-08 22:00;2025;3
PENGU;46242;2025-04-10 18:00;2025;3
NOT;46357;2025-04-15 13:00;2025;3
MOVR;46374;2025-04-16 06:00;2025;3
TRX;46397;2025-04-17 05:00;2025;5
1000CHEEMS;46407;2025-04-17 15:00;2025;3
IMX;46412;2025-04-17 20:00;2025;3
BIO;46421;2025-04-18 05:00;2025;3
FLOW;46422;2025-04-18 06:00;2025;3
W;46423;2025-04-18 07:00;2025;3
MOVR;46424;2025-04-18 08:00;2025;3
RVN;46424;2025-04-18 08:00;2025;5
TURBO;46424;2025-04-18 08:00;2025;3
LUMIA;46433;2025-04-18 17:00;2025;3
XTZ;46433;2025-04-18 17:00;2025;5
SUN;46477;2025-04-20 13:00;2025;5
KAVA;46493;2025-04-21 05:00;2025;5
BANANAS31;46616;2025-04-26 08:00;2025;3
TAO;46663;2025-04-28 07:00;2025;3
SOL;46675;2025-04-28 19:00;2025;3
CFX;46687;2025-04-29 07:00;2025;3
CRV;46687;2025-04-29 07:00;2025;3
NEAR;46756;2025-05-02 04:00;2025;3
RUNE;46900;2025-05-08 04:00;2025;3
NIL;46907;2025-05-08 11:00;2025;3
SUI;46907;2025-05-08 11:00;2025;3
XTZ;46907;2025-05-08 11:00;2025;3
CTSI;46908;2025-05-08 12:00;2025;3
MOVR;46908;2025-05-08 12:00;2025;3
TIA;46908;2025-05-08 12:00;2025;3
TRX;46914;2025-05-08 18:00;2025;5
APT;46923;2025-05-09 03:00;2025;3
KAVA;46924;2025-05-09 04:00;2025;3
USTC;46924;2025-05-09 04:00;2025;3
ZIL;46924;2025-05-09 04:00;2025;3
IMX;46925;2025-05-09 05:00;2025;3
SOL;46925;2025-05-09 05:00;2025;3
QNT;46992;2025-05-12 00:00;2025;3
WIF;47026;2025-05-13 10:00;2025;3
METIS;47027;2025-05-13 11:00;2025;3
WCT;47175;2025-05-19 15:00;2025;3
SFP;47187;2025-05-20 03:00;2025;3
BTC;47208;2025-05-21 00:00;2025;5
BLUR;47211;2025-05-21 03:00;2025;3
GMX;47211;2025-05-21 03:00;2025;3
IMX;47211;2025-05-21 03:00;2025;3
ONT;47211;2025-05-21 03:00;2025;3
RSR;47211;2025-05-21 03:00;2025;3
STX;47211;2025-05-21 03:00;2025;3
TRX;47221;2025-05-21 13:00;2025;5
INIT;47241;2025-05-22 09:00;2025;3
ALGO;47266;2025-05-23 10:00;2025;3
BLUR;47266;2025-05-23 10:00;2025;3
TURBO;47266;2025-05-23 10:00;2025;3
KAITO;47356;2025-05-27 04:00;2025;3
BAND;47359;2025-05-27 07:00;2025;3
KAVA;47359;2025-05-27 07:00;2025;3
MINA;47359;2025-05-27 07:00;2025;3
ONT;47359;2025-05-27 07:00;2025;3
RVN;47359;2025-05-27 07:00;2025;3
ADA;47360;2025-05-27 08:00;2025;3
CHZ;47360;2025-05-27 08:00;2025;3
DOGS;47360;2025-05-27 08:00;2025;3
GRT;47360;2025-05-27 08:00;2025;3
SCR;47360;2025-05-27 08:00;2025;3
XTZ;47360;2025-05-27 08:00;2025;3
ZK;47360;2025-05-27 08:00;2025;3
ASR;47508;2025-06-02 12:00;2025;3
VIRTUAL;47603;2025-06-06 11:00;2025;3
CFX;47605;2025-06-06 13:00;2025;3
LINK;47605;2025-06-06 13:00;2025;3
TIA;47605;2025-06-06 13:00;2025;3
TURBO;47605;2025-06-06 13:00;2025;3
XTZ;47605;2025-06-06 13:00;2025;3
BIGTIME;47627;2025-06-07 11:00;2025;3
IOST;47627;2025-06-07 11:00;2025;3
MAGIC;47627;2025-06-07 11:00;2025;3
MINA;47627;2025-06-07 11:00;2025;3
NIL;47627;2025-06-07 11:00;2025;3
PENDLE;47627;2025-06-07 11:00;2025;3
ALGO;47799;2025-06-14 15:00;2025;5
FLOW;47800;2025-06-14 16:00;2025;5
MOVR;47800;2025-06-14 16:00;2025;3
NEO;47800;2025-06-14 16:00;2025;3
ZK;47800;2025-06-14 16:00;2025;3
BNT;47801;2025-06-14 17:00;2025;5
CFX;47801;2025-06-14 17:00;2025;5
PORTAL;47801;2025-06-14 17:00;2025;3
ROSE;47801;2025-06-14 17:00;2025;3
RSR;47801;2025-06-14 17:00;2025;5
IO;47806;2025-06-14 22:00;2025;3
BNB;47838;2025-06-16 06:00;2025;5
PENGU;47928;2025-06-20 00:00;2025;3
IOST;47932;2025-06-20 04:00;2025;5
SOL;47938;2025-06-20 10:00;2025;5
BIGTIME;48012;2025-06-23 12:00;2025;3
METIS;48024;2025-06-24 00:00;2025;3
ONDO;48024;2025-06-24 00:00;2025;3
GRT;48028;2025-06-24 04:00;2025;3
SUN;48035;2025-06-24 11:00;2025;5
MAGIC;48042;2025-06-24 18:00;2025;3
RVN;48123;2025-06-28 03:00;2025;3
GRT;48124;2025-06-28 04:00;2025;3
MEME;48124;2025-06-28 04:00;2025;3
QNT;48124;2025-06-28 04:00;2025;3
VELODROME;48128;2025-06-28 08:00;2025;3
1INCH;48129;2025-06-28 09:00;2025;5
LUMIA;48129;2025-06-28 09:00;2025;3
ICP;48144;2025-06-29 00:00;2025;5
RUNE;48243;2025-07-03 03:00;2025;5
ADA;48245;2025-07-03 05:00;2025;3
NEAR;48245;2025-07-03 05:00;2025;3
NEO;48245;2025-07-03 05:00;2025;3
ONT;48245;2025-07-03 05:00;2025;5
MINA;48246;2025-07-03 06:00;2025;3
TURBO;48247;2025-07-03 07:00;2025;3
1000CAT;48249;2025-07-03 09:00;2025;3
BABY;48249;2025-07-03 09:00;2025;3
BTC;48249;2025-07-03 09:00;2025;5
DOGS;48249;2025-07-03 09:00;2025;3
COW;48250;2025-07-03 10:00;2025;3
1000CHEEMS;48258;2025-07-03 18:00;2025;3
LINK;48319;2025-07-06 07:00;2025;5
ADA;48329;2025-07-06 17:00;2025;5
USTC;48345;2025-07-07 09:00;2025;5
GMX;48352;2025-07-07 16:00;2025;5
ARPA;48401;2025-07-09 17:00;2025;5
INIT;48412;2025-07-10 04:00;2025;3
PENGU;48435;2025-07-11 03:00;2025;3
USTC;48561;2025-07-16 09:00;2025;3
DOGS;48569;2025-07-16 17:00;2025;3
NOT;48569;2025-07-16 17:00;2025;3
W;48569;2025-07-16 17:00;2025;3
BNB;48570;2025-07-16 18:00;2025;5
QNT;48570;2025-07-16 18:00;2025;3
TAO;48664;2025-07-20 16:00;2025;3
KAITO;48677;2025-07-21 05:00;2025;3
XLM;48677;2025-07-21 05:00;2025;3
SOL;48681;2025-07-21 09:00;2025;3
SUPER;48687;2025-07-21 15:00;2025;3
MAGIC;48788;2025-07-25 20:00;2025;3
APT;48789;2025-07-25 21:00;2025;3
AVAX;48789;2025-07-25 21:00;2025;3
ETH;48789;2025-07-25 21:00;2025;3
INJ;48789;2025-07-25 21:00;2025;3
LUMIA;48789;2025-07-25 21:00;2025;3
MINA;48789;2025-07-25 21:00;2025;3
NIL;48789;2025-07-25 21:00;2025;3
MOVR;48821;2025-07-27 05:00;2025;5
NXPC;48837;2025-07-27 21:00;2025;5
CFX;48871;2025-07-29 07:00;2025;3
GRT;48992;2025-08-03 08:00;2025;3
KAITO;48992;2025-08-03 08:00;2025;3
SNX;48992;2025-08-03 08:00;2025;3
BIGTIME;48997;2025-08-03 13:00;2025;3
BNT;48997;2025-08-03 13:00;2025;5
ETHFI;48997;2025-08-03 13:00;2025;3
ICP;48997;2025-08-03 13:00;2025;3
IOST;48997;2025-08-03 13:00;2025;3
MINA;48997;2025-08-03 13:00;2025;3
VELODROME;48997;2025-08-03 13:00;2025;3
WIF;48997;2025-08-03 13:00;2025;3
EDU;49013;2025-08-04 05:00;2025;5
ALGO;49016;2025-08-04 08:00;2025;3
COW;49016;2025-08-04 08:00;2025;5
CVC;49016;2025-08-04 08:00;2025;5
ONDO;49016;2025-08-04 08:00;2025;5
SUI;49016;2025-08-04 08:00;2025;3
CFX;49086;2025-08-07 06:00;2025;3
RSR;49087;2025-08-07 07:00;2025;3
BAND;49092;2025-08-07 12:00;2025;3
LUMIA;49092;2025-08-07 12:00;2025;3
NIL;49092;2025-08-07 12:00;2025;5
XLM;49095;2025-08-07 15:00;2025;3
NOT;49096;2025-08-07 16:00;2025;3
MAGIC;49117;2025-08-08 13:00;2025;3
WIF;49237;2025-08-13 13:00;2025;3
NIL;49238;2025-08-13 14:00;2025;3
MANA;49240;2025-08-13 16:00;2025;3
NEO;49240;2025-08-13 16:00;2025;3
QTUM;49240;2025-08-13 16:00;2025;3
DOGS;49244;2025-08-13 20:00;2025;3
NEWT;49244;2025-08-13 20:00;2025;3
POL;49244;2025-08-13 20:00;2025;3
VIRTUAL;49244;2025-08-13 20:00;2025;3
GRT;49303;2025-08-16 07:00;2025;3
TAO;49304;2025-08-16 08:00;2025;3
ONDO;49328;2025-08-17 08:00;2025;5
SUPER;49329;2025-08-17 09:00;2025;5
INJ;49341;2025-08-17 21:00;2025;3
SOL;49421;2025-08-21 05:00;2025;3
SCR;49424;2025-08-21 08:00;2025;3
SSV;49425;2025-08-21 09:00;2025;3
KAITO;49433;2025-08-21 17:00;2025;3
MOVR;49444;2025-08-22 04:00;2025;3
PYTH;49444;2025-08-22 04:00;2025;3
PORTAL;49463;2025-08-22 23:00;2025;3
INIT;49467;2025-08-23 03:00;2025;3
SAND;49467;2025-08-23 03:00;2025;3
INJ;49479;2025-08-23 15:00;2025;3
ICP;49482;2025-08-23 18:00;2025;5
BABY;49571;2025-08-27 11:00;2025;3
CVC;49571;2025-08-27 11:00;2025;3
GRT;49571;2025-08-27 11:00;2025;3
MOVR;49571;2025-08-27 11:00;2025;3
NIL;49571;2025-08-27 11:00;2025;3
SSV;49571;2025-08-27 11:00;2025;3
TIA;49571;2025-08-27 11:00;2025;3
ADA;49575;2025-08-27 15:00;2025;3
IMX;49575;2025-08-27 15:00;2025;3
IO;49575;2025-08-27 15:00;2025;3
METIS;49575;2025-08-27 15:00;2025;3
W;49590;2025-08-28 06:00;2025;3
ASR;49598;2025-08-28 14:00;2025;3
RSR;49599;2025-08-28 15:00;2025;3
BANANA;49639;2025-08-30 07:00;2025;3
PENDLE;49660;2025-08-31 04:00;2025;5
SAND;49660;2025-08-31 04:00;2025;5
SXT;49660;2025-08-31 04:00;2025;3
MAGIC;49663;2025-08-31 07:00;2025;3
POL;49663;2025-08-31 07:00;2025;3
ZIL;49664;2025-08-31 08:00;2025;5
1000CHEEMS;49739;2025-09-03 11:00;2025;5
NOT;49743;2025-09-03 15:00;2025;3
SUPER;49775;2025-09-04 23:00;2025;5
LUMIA;49851;2025-09-08 03:00;2025;3
NEAR;49851;2025-09-08 03:00;2025;5
SAND;49855;2025-09-08 07:00;2025;5
CVC;49856;2025-09-08 08:00;2025;5
GRT;49856;2025-09-08 08:00;2025;5
CHR;49857;2025-09-08 09:00;2025;5
SFP;49857;2025-09-08 09:00;2025;5
TURBO;49858;2025-09-08 10:00;2025;3
PENGU;49860;2025-09-08 12:00;2025;3
GMX;49863;2025-09-08 15:00;2025;5
CTSI;49881;2025-09-09 09:00;2025;3
ETH;49910;2025-09-10 14:00;2025;5
IOTX;49933;2025-09-11 13:00;2025;5
MEME;49967;2025-09-12 23:00;2025;3
ADA;49970;2025-09-13 02:00;2025;5
APE;49970;2025-09-13 02:00;2025;5
RVN;49970;2025-09-13 02:00;2025;5
SUI;49971;2025-09-13 03:00;2025;5
BIGTIME;49973;2025-09-13 05:00;2025;5
NEWT;49973;2025-09-13 05:00;2025;3
ROSE;49973;2025-09-13 05:00;2025;3
ZIL;49973;2025-09-13 05:00;2025;5
PENGU;49974;2025-09-13 06:00;2025;3
TAO;50046;2025-09-16 06:00;2025;3
WCT;50046;2025-09-16 06:00;2025;3
MOVR;50071;2025-09-17 07:00;2025;3
METIS;50086;2025-09-17 22:00;2025;3
RSR;50086;2025-09-17 22:00;2025;3
SCR;50087;2025-09-17 23:00;2025;3
KAVA;50111;2025-09-18 23:00;2025;5
NIL;50111;2025-09-18 23:00;2025;3
SUPER;50113;2025-09-19 01:00;2025;5
CTK;50163;2025-09-21 03:00;2025;3
PYTH;50241;2025-09-24 09:00;2025;3
CTSI;50242;2025-09-24 10:00;2025;3
XLM;50248;2025-09-24 16:00;2025;5
API3;50249;2025-09-24 17:00;2025;3
PENDLE;50249;2025-09-24 17:00;2025;3
ASR;50309;2025-09-27 05:00;2025;3
PEOPLE;50320;2025-09-27 16:00;2025;5
APT;50323;2025-09-27 19:00;2025;5
CTSI;50327;2025-09-27 23:00;2025;5
COW;50328;2025-09-28 00:00;2025;3
XTZ;50426;2025-10-02 02:00;2025;5
BLUR;50427;2025-10-02 03:00;2025;3
USTC;50427;2025-10-02 03:00;2025;5
BAND;50429;2025-10-02 05:00;2025;5
1000CAT;50430;2025-10-02 06:00;2025;3
GALA;50430;2025-10-02 06:00;2025;3
PORTAL;50430;2025-10-02 06:00;2025;3
TURBO;50430;2025-10-02 06:00;2025;3
ONDO;50432;2025-10-02 08:00;2025;3
BANANAS31;50433;2025-10-02 09:00;2025;5
BTC;50433;2025-10-02 09:00;2025;5
T;50437;2025-10-02 13:00;2025;5
SOL;50442;2025-10-02 18:00;2025;3
SCR;50446;2025-10-02 22:00;2025;3
IMX;50471;2025-10-03 23:00;2025;3
XLM;50528;2025-10-06 08:00;2025;5
IOST;50534;2025-10-06 14:00;2025;5
FLOW;50536;2025-10-06 16:00;2025;5
CTK;50557;2025-10-07 13:00;2025;3
SCR;50652;2025-10-11 12:00;2025;3
SNX;50652;2025-10-11 12:00;2025;3
GRT;50676;2025-10-12 12:00;2025;3
ICP;50677;2025-10-12 13:00;2025;3
SXT;50677;2025-10-12 13:00;2025;3
APT;50680;2025-10-12 16:00;2025;3
ARPA;50680;2025-10-12 16:00;2025;3
CRV;50680;2025-10-12 16:00;2025;3
RENDER;50680;2025-10-12 16:00;2025;3
STX;50680;2025-10-12 16:00;2025;3
VIRTUAL;50680;2025-10-12 16:00;2025;3
NEWT;50699;2025-10-13 11:00;2025;3
SUPER;50705;2025-10-13 17:00;2025;3
QTUM;50830;2025-10-18 22:00;2025;5
T;50855;2025-10-19 23:00;2025;5
SUPER;50864;2025-10-20 08:00;2025;3
ALGO;50870;2025-10-20 14:00;2025;3
BEAMX;50871;2025-10-20 15:00;2025;3
ETH;50871;2025-10-20 15:00;2025;5
KAITO;50871;2025-10-20 15:00;2025;3
NEWT;50871;2025-10-20 15:00;2025;3
GMX;50961;2025-10-24 09:00;2025;3
BIO;50963;2025-10-24 11:00;2025;3
BNT;50964;2025-10-24 12:00;2025;5
C98;50964;2025-10-24 12:00;2025;3
COW;50965;2025-10-24 13:00;2025;3
1000CHEEMS;51001;2025-10-26 01:00;2025;3
BANANA;51019;2025-10-26 19:00;2025;3
COW;51019;2025-10-26 19:00;2025;5
TRX;51019;2025-10-26 19:00;2025;5
EDU;51020;2025-10-26 20:00;2025;3
NEAR;51284;2025-11-06 20:00;2025;3
DOGS;51293;2025-11-07 05:00;2025;3
INJ;51315;2025-11-08 03:00;2025;3
W;51317;2025-11-08 05:00;2025;3
ETH;51443;2025-11-13 11:00;2025;3
BANANAS31;51446;2025-11-13 14:00;2025;3
IOTX;51536;2025-11-17 08:00;2025;3
SOL;51539;2025-11-17 11:00;2025;3
SNX;51561;2025-11-18 09:00;2025;3
GRT;51562;2025-11-18 10:00;2025;3
GALA;51563;2025-11-18 11:00;2025;3
GMX;51564;2025-11-18 12:00;2025;3
1000CHEEMS;51686;2025-11-23 14:00;2025;3
HBAR;51695;2025-11-23 23:00;2025;3
BAND;51716;2025-11-24 20:00;2025;3
NIL;51717;2025-11-24 21:00;2025;3
KAVA;51718;2025-11-24 22:00;2025;3
SOLV;51736;2025-11-25 16:00;2025;3
COW;51743;2025-11-25 23:00;2025;3
SNX;51768;2025-11-27 00:00;2025;3
PEOPLE;51770;2025-11-27 02:00;2025;3
STX;51770;2025-11-27 02:00;2025;3
EDU;51815;2025-11-28 23:00;2025;3
TIA;51845;2025-11-30 05:00;2025;3
IMX;51914;2025-12-03 02:00;2025;3
ETH;51923;2025-12-03 11:00;2025;3
SOL;51926;2025-12-03 14:00;2025;3
IOTX;51938;2025-12-04 02:00;2025;3
PENGU;51941;2025-12-04 05:00;2025;3
ZIL;52069;2025-12-09 13:00;2025;3
GALA;52072;2025-12-09 16:00;2025;3
W;52072;2025-12-09 16:00;2025;3
NEAR;52074;2025-12-09 18:00;2025;3
SUPER;52097;2025-12-10 17:00;2025;3
SEI;52098;2025-12-10 18:00;2025;3
BAND;52100;2025-12-10 20:00;2025;3
ETHFI;52159;2025-12-13 07:00;2025;3
PORTAL;52230;2025-12-16 06:00;2025;3
SNX;52310;2025-12-19 14:00;2025;3
SOL;52310;2025-12-19 14:00;2025;3
NEWT;52330;2025-12-20 10:00;2025;3
BIGTIME;52332;2025-12-20 12:00;2025;5
CHR;52345;2025-12-21 01:00;2025;5
BANANAS31;52444;2025-12-25 04:00;2025;3
MINA;52478;2025-12-26 14:00;2025;5
BABY;52498;2025-12-27 10:00;2025;3
LUMIA;52521;2025-12-28 09:00;2025;3
CRV;52649;2026-01-02 17:00;2026;3
WIF;52649;2026-01-02 17:00;2026;3
TURBO;52651;2026-01-02 19:00;2026;3
DYM;52655;2026-01-02 23:00;2026;3
W;52655;2026-01-02 23:00;2026;3
ZIL;52655;2026-01-02 23:00;2026;3
APE;52660;2026-01-03 04:00;2026;3
SOLV;52663;2026-01-03 07:00;2026;3
SXT;52686;2026-01-04 06:00;2026;3
BIO;52932;2026-01-14 12:00;2026;3
BLUR;52932;2026-01-14 12:00;2026;3
CTSI;53384;2026-02-02 08:00;2026;3
DYM;53384;2026-02-02 08:00;2026;3
ONT;53384;2026-02-02 08:00;2026;3
BABY;53385;2026-02-02 09:00;2026;3
SEI;53385;2026-02-02 09:00;2026;3
TIA;53385;2026-02-02 09:00;2026;3
USTC;53385;2026-02-02 09:00;2026;3
WIF;53385;2026-02-02 09:00;2026;3
DOGS;53390;2026-02-02 14:00;2026;3
NXPC;53393;2026-02-02 17:00;2026;3
XTZ;53401;2026-02-03 01:00;2026;3
SNX;53422;2026-02-03 22:00;2026;3
FIDA;53433;2026-02-04 09:00;2026;3
GMX;53433;2026-02-04 09:00;2026;3
SFP;53457;2026-02-05 09:00;2026;3
COW;53487;2026-02-06 15:00;2026;3
CVC;53506;2026-02-07 10:00;2026;3
MANA;53510;2026-02-07 14:00;2026;3
MORPHO;53510;2026-02-07 14:00;2026;3
BAND;53511;2026-02-07 15:00;2026;3
SUN;53511;2026-02-07 15:00;2026;3
CFX;53513;2026-02-07 17:00;2026;3
CHR;53513;2026-02-07 17:00;2026;3
CTK;53513;2026-02-07 17:00;2026;3
NEAR;53513;2026-02-07 17:00;2026;3
NEWT;53513;2026-02-07 17:00;2026;3
ONDO;53513;2026-02-07 17:00;2026;3
SEI;53513;2026-02-07 17:00;2026;3
APE;53514;2026-02-07 18:00;2026;3
METIS;53514;2026-02-07 18:00;2026;3
SUPER;53514;2026-02-07 18:00;2026;3
BEAMX;53515;2026-02-07 19:00;2026;3
TAO;53515;2026-02-07 19:00;2026;3
1INCH;53517;2026-02-07 21:00;2026;3
BNB;53517;2026-02-07 21:00;2026;3
NXPC;53518;2026-02-07 22:00;2026;3
XLM;53518;2026-02-07 22:00;2026;3
WCT;53521;2026-02-08 01:00;2026;3
C98;53589;2026-02-10 21:00;2026;3
T;53589;2026-02-10 21:00;2026;3
NOT;53593;2026-02-11 01:00;2026;3
USTC;53593;2026-02-11 01:00;2026;3
VIRTUAL;53594;2026-02-11 02:00;2026;3
RVN;53613;2026-02-11 21:00;2026;3
ZIL;53613;2026-02-11 21:00;2026;3
IO;53618;2026-02-12 02:00;2026;3
INJ;53621;2026-02-12 05:00;2026;3
PYTH;53643;2026-02-13 03:00;2026;3
BIO;53647;2026-02-13 07:00;2026;3
CHZ;53647;2026-02-13 07:00;2026;3
HBAR;53647;2026-02-13 07:00;2026;3
NEWT;53648;2026-02-13 08:00;2026;3
IOTX;53680;2026-02-14 16:00;2026;3
MAGIC;53749;2026-02-17 13:00;2026;3
CHR;53758;2026-02-17 22:00;2026;3
LINK;53768;2026-02-18 08:00;2026;3
RENDER;53812;2026-02-20 04:00;2026;3
CTK;53818;2026-02-20 10:00;2026;3
PENDLE;53818;2026-02-20 10:00;2026;3
SAND;53834;2026-02-21 02:00;2026;3
XTZ;53834;2026-02-21 02:00;2026;5
KAVA;53835;2026-02-21 03:00;2026;3
MANA;53835;2026-02-21 03:00;2026;3
NOT;53835;2026-02-21 03:00;2026;3
USTC;53835;2026-02-21 03:00;2026;3
1INCH;53836;2026-02-21 04:00;2026;5
API3;53836;2026-02-21 04:00;2026;5
ASR;53836;2026-02-21 04:00;2026;5
AVAX;53836;2026-02-21 04:00;2026;3
AXL;53836;2026-02-21 04:00;2026;3
CTSI;53836;2026-02-21 04:00;2026;5
SSV;53836;2026-02-21 04:00;2026;3
BANANAS31;53891;2026-02-23 11:00;2026;3
DYM;53896;2026-02-23 16:00;2026;3
NIL;53896;2026-02-23 16:00;2026;3
KAITO;53920;2026-02-24 16:00;2026;3
RSR;53920;2026-02-24 16:00;2026;3
RUNE;53920;2026-02-24 16:00;2026;5
VELODROME;53921;2026-02-24 17:00;2026;3
NEWT;53923;2026-02-24 19:00;2026;3
ROSE;53923;2026-02-24 19:00;2026;3
SCR;53923;2026-02-24 19:00;2026;3
BNT;53924;2026-02-24 20:00;2026;3
BIO;53930;2026-02-25 02:00;2026;3
SUPER;53936;2026-02-25 08:00;2026;3
GRT;53944;2026-02-25 16:00;2026;3
RENDER;53944;2026-02-25 16:00;2026;3
FIDA;53945;2026-02-25 17:00;2026;3
QTUM;53945;2026-02-25 17:00;2026;5
ARPA;53954;2026-02-26 02:00;2026;3
QNT;54007;2026-02-28 07:00;2026;3
CVC;54056;2026-03-02 08:00;2026;3
RVN;54056;2026-03-02 08:00;2026;3
SUN;54080;2026-03-03 08:00;2026;5
BABY;54083;2026-03-03 11:00;2026;3
BAND;54089;2026-03-03 17:00;2026;3
MAGIC;54089;2026-03-03 17:00;2026;3
PORTAL;54089;2026-03-03 17:00;2026;3
ROSE;54089;2026-03-03 17:00;2026;3
ARPA;54091;2026-03-03 19:00;2026;5
API3;54095;2026-03-03 23:00;2026;3
PENGU;54095;2026-03-03 23:00;2026;3
ETHFI;54112;2026-03-04 16:00;2026;3
ZK;54112;2026-03-04 16:00;2026;3
SOLV;54114;2026-03-04 18:00;2026;3
ZIL;54136;2026-03-05 16:00;2026;3
CTSI;54176;2026-03-07 08:00;2026;3
ASR;54230;2026-03-09 14:00;2026;5
FIDA;54230;2026-03-09 14:00;2026;3
LUMIA;54230;2026-03-09 14:00;2026;3
SCR;54230;2026-03-09 14:00;2026;3
XTZ;54230;2026-03-09 14:00;2026;3
GMX;54243;2026-03-10 03:00;2026;3
ONDO;54246;2026-03-10 06:00;2026;3
NEAR;54250;2026-03-10 10:00;2026;3
INIT;54256;2026-03-10 16:00;2026;3
MANA;54277;2026-03-11 13:00;2026;3
AXL;54308;2026-03-12 20:00;2026;3
ZK;54314;2026-03-13 02:00;2026;3
PEOPLE;54315;2026-03-13 03:00;2026;3
GMX;54323;2026-03-13 11:00;2026;3
IO;54323;2026-03-13 11:00;2026;3
SNX;54323;2026-03-13 11:00;2026;3
BANANA;54326;2026-03-13 14:00;2026;3
LINK;54326;2026-03-13 14:00;2026;3
NXPC;54329;2026-03-13 17:00;2026;5
KAITO;54375;2026-03-15 15:00;2026;5
MORPHO;54383;2026-03-15 23:00;2026;3
WIF;54385;2026-03-16 01:00;2026;3
STX;54387;2026-03-16 03:00;2026;5
USTC;54387;2026-03-16 03:00;2026;5
HBAR;54388;2026-03-16 04:00;2026;5
W;54389;2026-03-16 05:00;2026;3
PEOPLE;54392;2026-03-16 08:00;2026;3
DOGS;54484;2026-03-20 04:00;2026;3
ALGO;54485;2026-03-20 05:00;2026;3
BABY;54490;2026-03-20 10:00;2026;3
CVC;54507;2026-03-21 03:00;2026;5
RUNE;54507;2026-03-21 03:00;2026;5
PEOPLE;54508;2026-03-21 04:00;2026;5
BLUR;54509;2026-03-21 05:00;2026;5
AXL;54513;2026-03-21 09:00;2026;5
SCR;54546;2026-03-22 18:00;2026;3
ROSE;54566;2026-03-23 14:00;2026;3
SSV;54577;2026-03-24 01:00;2026;3
VIRTUAL;54588;2026-03-24 12:00;2026;3
1000CHEEMS;54589;2026-03-24 13:00;2026;3
ADA;54592;2026-03-24 16:00;2026;5
DOGS;54597;2026-03-24 21:00;2026;3
SAND;54597;2026-03-24 21:00;2026;5
QNT;54598;2026-03-24 22:00;2026;3
SNX;54601;2026-03-25 01:00;2026;3
CFX;54607;2026-03-25 07:00;2026;3
PYTH;54608;2026-03-25 08:00;2026;3
TRX;54612;2026-03-25 12:00;2026;5
FLOW;54678;2026-03-28 06:00;2026;3
IMX;54681;2026-03-28 09:00;2026;3
LUMIA;54687;2026-03-28 15:00;2026;3
1000CHEEMS;54724;2026-03-30 04:00;2026;3
ETHFI;54725;2026-03-30 05:00;2026;3
METIS;54753;2026-03-31 09:00;2026;3
BAND;54757;2026-03-31 13:00;2026;3
NEWT;54757;2026-03-31 13:00;2026;3
WCT;54757;2026-03-31 13:00;2026;3
ARPA;54758;2026-03-31 14:00;2026;5
RUNE;54758;2026-03-31 14:00;2026;5
C98;54764;2026-03-31 20:00;2026;5
PORTAL;54793;2026-04-02 01:00;2026;3
SEI;54797;2026-04-02 05:00;2026;3
RENDER;54801;2026-04-02 09:00;2026;3
ARPA;54809;2026-04-02 17:00;2026;3
BIO;54835;2026-04-03 19:00;2026;3
EDU;54841;2026-04-04 01:00;2026;3
ICP;54847;2026-04-04 07:00;2026;5
TURBO;54847;2026-04-04 07:00;2026;3
BTC;54848;2026-04-04 08:00;2026;5
SUI;54848;2026-04-04 08:00;2026;5
APT;54849;2026-04-04 09:00;2026;5
IMX;54850;2026-04-04 10:00;2026;5
NOT;54852;2026-04-04 12:00;2026;5
1000CAT;54883;2026-04-05 19:00;2026;3
MORPHO;54889;2026-04-06 01:00;2026;5
ZK;54891;2026-04-06 03:00;2026;3
ONDO;54912;2026-04-07 00:00;2026;3
RENDER;54913;2026-04-07 01:00;2026;3
BAND;54915;2026-04-07 03:00;2026;3
ICP;54915;2026-04-07 03:00;2026;5
NEO;54915;2026-04-07 03:00;2026;5
NIL;54915;2026-04-07 03:00;2026;2
LUMIA;54922;2026-04-07 10:00;2026;3
VELODROME;54922;2026-04-07 10:00;2026;5
KAVA;54924;2026-04-07 12:00;2026;3
MINA;54928;2026-04-07 16:00;2026;5
MAGIC;54962;2026-04-09 02:00;2026;3
PORTAL;54963;2026-04-09 03:00;2026;3
TRX;54965;2026-04-09 05:00;2026;5
CTSI;55036;2026-04-12 04:00;2026;3
SOLV;55044;2026-04-12 12:00;2026;3
LUMIA;55072;2026-04-13 16:00;2026;3
CTK;55082;2026-04-14 02:00;2026;5
CFX;55084;2026-04-14 04:00;2026;3
BIGTIME;55094;2026-04-14 14:00;2026;5
METIS;55095;2026-04-14 15:00;2026;3
MANA;55103;2026-04-14 23:00;2026;5
VELODROME;55103;2026-04-14 23:00;2026;3
NOT;55104;2026-04-15 00:00;2026;3
SFP;55106;2026-04-15 02:00;2026;5
SNX;55112;2026-04-15 08:00;2026;3
BLUR;55120;2026-04-15 16:00;2026;3
CHR;55150;2026-04-16 22:00;2026;3
BIO;55224;2026-04-20 00:00;2026;3
CVC;55238;2026-04-20 14:00;2026;5
SAND;55238;2026-04-20 14:00;2026;3
DOGS;55239;2026-04-20 15:00;2026;2
GRT;55239;2026-04-20 15:00;2026;3
RVN;55239;2026-04-20 15:00;2026;5
NOT;55241;2026-04-20 17:00;2026;3
BIGTIME;55261;2026-04-21 13:00;2026;3
AVAX;55262;2026-04-21 14:00;2026;5
STX;55262;2026-04-21 14:00;2026;5
ZK;55267;2026-04-21 19:00;2026;3
FLOW;55268;2026-04-21 20:00;2026;3
BABY;55273;2026-04-22 01:00;2026;3
1INCH;55277;2026-04-22 05:00;2026;5
XTZ;55304;2026-04-23 08:00;2026;5
BANANAS31;55336;2026-04-24 16:00;2026;3
USTC;55345;2026-04-25 01:00;2026;3
IMX;55353;2026-04-25 09:00;2026;3
PENDLE;55353;2026-04-25 09:00;2026;3
AXL;55371;2026-04-26 03:00;2026;3
HBAR;55377;2026-04-26 09:00;2026;5
GMX;55378;2026-04-26 10:00;2026;5
RENDER;55378;2026-04-26 10:00;2026;5
MORPHO;55386;2026-04-26 18:00;2026;3
BANANAS31;55390;2026-04-26 22:00;2026;3
RSR;55400;2026-04-27 08:00;2026;3
T;55402;2026-04-27 10:00;2026;5
METIS;55419;2026-04-28 03:00;2026;3
API3;55444;2026-04-29 04:00;2026;3
IO;55446;2026-04-29 06:00;2026;3
SXT;55453;2026-04-29 13:00;2026;5
BANANAS31;55461;2026-04-29 21:00;2026;3
QNT;55471;2026-04-30 07:00;2026;5
PORTAL;55524;2026-05-02 12:00;2026;3
KAVA;55525;2026-05-02 13:00;2026;3
BNB;55526;2026-05-02 14:00;2026;5
HBAR;55526;2026-05-02 14:00;2026;5
MANA;55526;2026-05-02 14:00;2026;5
NOT;55526;2026-05-02 14:00;2026;5
SCR;55526;2026-05-02 14:00;2026;5
ICP;55553;2026-05-03 17:00;2026;5
VELODROME;55557;2026-05-03 21:00;2026;3
INIT;55568;2026-05-04 08:00;2026;5
MORPHO;55587;2026-05-05 03:00;2026;3
GMX;55609;2026-05-06 01:00;2026;5
SXT;55630;2026-05-06 22:00;2026;3
FLOW;55632;2026-05-07 00:00;2026;5
ARPA;55637;2026-05-07 05:00;2026;5
1000CHEEMS;55676;2026-05-08 20:00;2026;3
SNX;55680;2026-05-09 00:00;2026;3
PENDLE;55684;2026-05-09 04:00;2026;3
CHR;55685;2026-05-09 05:00;2026;3
1INCH;55696;2026-05-09 16:00;2026;5
XLM;55696;2026-05-09 16:00;2026;5
SFP;55699;2026-05-09 19:00;2026;5
BNB;55700;2026-05-09 20:00;2026;5
LUMIA;55705;2026-05-10 01:00;2026;3
ZK;55801;2026-05-14 01:00;2026;3
XTZ;55802;2026-05-14 02:00;2026;5
MEME;55803;2026-05-14 03:00;2026;3
TURBO;55803;2026-05-14 03:00;2026;3
GALA;55804;2026-05-14 04:00;2026;3
QTUM;55804;2026-05-14 04:00;2026;3
1000CAT;55805;2026-05-14 05:00;2026;3
CGPT;55812;2026-05-14 12:00;2026;3
DOGS;55838;2026-05-15 14:00;2026;3
IO;55840;2026-05-15 16:00;2026;3
MAGIC;55840;2026-05-15 16:00;2026;3
SNX;55841;2026-05-15 17:00;2026;3
1INCH;55842;2026-05-15 18:00;2026;5
KAVA;55842;2026-05-15 18:00;2026;3
NOT;55842;2026-05-15 18:00;2026;3
ONDO;55842;2026-05-15 18:00;2026;3
RUNE;55842;2026-05-15 18:00;2026;3
SOL;55842;2026-05-15 18:00;2026;5
CHZ;55847;2026-05-15 23:00;2026;3
LUMIA;55876;2026-05-17 04:00;2026;3
USTC;55876;2026-05-17 04:00;2026;3
MOVR;55901;2026-05-18 05:00;2026;3
IOTX;55906;2026-05-18 10:00;2026;3
METIS;55918;2026-05-18 22:00;2026;3
BANANAS31;55933;2026-05-19 13:00;2026;3
GRT;55942;2026-05-19 22:00;2026;5
ALGO;55945;2026-05-20 01:00;2026;3
SUI;55945;2026-05-20 01:00;2026;3
MAGIC;55949;2026-05-20 05:00;2026;5
SNX;55949;2026-05-20 05:00;2026;5
SSV;55949;2026-05-20 05:00;2026;5
SUPER;55949;2026-05-20 05:00;2026;5
1INCH;55953;2026-05-20 09:00;2026;5
APT;55953;2026-05-20 09:00;2026;5
BTC;55953;2026-05-20 09:00;2026;5
ROSE;55953;2026-05-20 09:00;2026;5
RSR;55953;2026-05-20 09:00;2026;5
SEI;55953;2026-05-20 09:00;2026;5
SXT;55953;2026-05-20 09:00;2026;3
XTZ;55953;2026-05-20 09:00;2026;5
PORTAL;55970;2026-05-21 02:00;2026;3
1000CAT;55985;2026-05-21 17:00;2026;3
SCR;55985;2026-05-21 17:00;2026;3
IOST;55986;2026-05-21 18:00;2026;5
WCT;56043;2026-05-24 03:00;2026;3
BANANAS31;56046;2026-05-24 06:00;2026;3
1INCH;56060;2026-05-24 20:00;2026;5
TAO;56061;2026-05-24 21:00;2026;3
FIDA;56080;2026-05-25 16:00;2026;3
DOGS;56091;2026-05-26 03:00;2026;3
CTSI;56155;2026-05-28 19:00;2026;3
1INCH;56178;2026-05-29 18:00;2026;5
AXL;56178;2026-05-29 18:00;2026;3
CTK;56178;2026-05-29 18:00;2026;5
NEO;56179;2026-05-29 19:00;2026;3
PEOPLE;56180;2026-05-29 20:00;2026;3
MEME;56183;2026-05-29 23:00;2026;3
ADA;56186;2026-05-30 02:00;2026;5
BAND;56186;2026-05-30 02:00;2026;3
CGPT;56193;2026-05-30 09:00;2026;3
INIT;56198;2026-05-30 14:00;2026;3
TIA;56211;2026-05-31 03:00;2026;3
COW;56260;2026-06-02 04:00;2026;3
IO;56291;2026-06-03 11:00;2026;3
GALA;56310;2026-06-04 06:00;2026;3
LUMIA;56310;2026-06-04 06:00;2026;3
1INCH;56317;2026-06-04 13:00;2026;3
ASR;56317;2026-06-04 13:00;2026;3
CHR;56317;2026-06-04 13:00;2026;3
MAGIC;56317;2026-06-04 13:00;2026;3
MANA;56317;2026-06-04 13:00;2026;3
PENGU;56317;2026-06-04 13:00;2026;3
WCT;56317;2026-06-04 13:00;2026;3
ADA;56385;2026-06-07 09:00;2026;3
API3;56385;2026-06-07 09:00;2026;3
BLUR;56385;2026-06-07 09:00;2026;3
IOTX;56385;2026-06-07 09:00;2026;3
PENGU;56385;2026-06-07 09:00;2026;3
TAO;56385;2026-06-07 09:00;2026;3
TIA;56385;2026-06-07 09:00;2026;3
W;56385;2026-06-07 09:00;2026;3
WCT;56385;2026-06-07 09:00;2026;3
CGPT;56408;2026-06-08 08:00;2026;3
MOVR;56498;2026-06-12 02:00;2026;3
INJ;56508;2026-06-12 12:00;2026;3
BAND;56572;2026-06-15 04:00;2026;3
NEAR;56678;2026-06-19 14:00;2026;3
C98;56694;2026-06-20 06:00;2026;3
VIRTUAL;56695;2026-06-20 07:00;2026;3
CTSI;56706;2026-06-20 18:00;2026;5
IOST;56706;2026-06-20 18:00;2026;5
GALA;56707;2026-06-20 19:00;2026;3
NOT;56714;2026-06-21 02:00;2026;5
ICP;56722;2026-06-21 10:00;2026;5
BIO;56729;2026-06-21 17:00;2026;3
API3;56773;2026-06-23 13:00;2026;3
RSR;56773;2026-06-23 13:00;2026;3
ADA;56774;2026-06-23 14:00;2026;3
INJ;56935;2026-06-30 07:00;2026;3
STX;56938;2026-06-30 10:00;2026;3
IO;56940;2026-06-30 12:00;2026;3
ETHFI;56941;2026-06-30 13:00;2026;3
GMX;56941;2026-06-30 13:00;2026;3
CRV;56949;2026-06-30 21:00;2026;5
T;56979;2026-07-02 03:00;2026;5
DYM;56990;2026-07-02 14:00;2026;5
IMX;57164;2026-07-09 20:00;2026;5
RUNE;57164;2026-07-09 20:00;2026;5
MAGIC;57168;2026-07-10 00:00;2026;5
SOLV;57168;2026-07-10 00:00;2026;5
SNX;57172;2026-07-10 04:00;2026;3
ALGO;57173;2026-07-10 05:00;2026;5
GALA;57173;2026-07-10 05:00;2026;5
TURBO;57173;2026-07-10 05:00;2026;3
VIRTUAL;57173;2026-07-10 05:00;2026;5
ASR;57174;2026-07-10 06:00;2026;5
CTK;57174;2026-07-10 06:00;2026;5
DOGS;57174;2026-07-10 06:00;2026;5
DYM;57174;2026-07-10 06:00;2026;5
ROSE;57174;2026-07-10 06:00;2026;5
SUPER;57174;2026-07-10 06:00;2026;5
1000CAT;57231;2026-07-12 15:00;2026;3
KAITO;57231;2026-07-12 15:00;2026;3
USTC;57235;2026-07-12 19:00;2026;5
IO;57237;2026-07-12 21:00;2026;5
DYM;57296;2026-07-15 08:00;2026;5
GALA;57296;2026-07-15 08:00;2026;5
NXPC;57298;2026-07-15 10:00;2026;5
CTSI;57299;2026-07-15 11:00;2026;5
ROSE;57300;2026-07-15 12:00;2026;5
PENGU;57301;2026-07-15 13:00;2026;3
NEWT;57306;2026-07-15 18:00;2026;3
CRV;57357;2026-07-17 21:00;2026;3
QNT;57371;2026-07-18 11:00;2026;5
SAND;57380;2026-07-18 20:00;2026;5
SUI;57383;2026-07-18 23:00;2026;5
AVAX;57386;2026-07-19 02:00;2026;5
FIDA;57404;2026-07-19 20:00;2026;5
CHZ;57444;2026-07-21 12:00;2026;5
BNB;57532;2026-07-25 04:00;2026;5
PENDLE;57536;2026-07-25 08:00;2026;5
SEI;57536;2026-07-25 08:00;2026;5
SXT;57545;2026-07-25 17:00;2026;3
FLOW;57556;2026-07-26 04:00;2026;5
CFX;57563;2026-07-26 11:00;2026;5
ETH;57567;2026-07-26 15:00;2026;5
LINK;57568;2026-07-26 16:00;2026;5
SUPER;57568;2026-07-26 16:00;2026;5
IOST;57569;2026-07-26 17:00;2026;5
ZK;57572;2026-07-26 20:00;2026;5
CGPT;57582;2026-07-27 06:00;2026;5
ASR;57640;2026-07-29 16:00;2026;5
MAGIC;57640;2026-07-29 16:00;2026;5
TRX;57655;2026-07-30 07:00;2026;5
MEME;57666;2026-07-30 18:00;2026;5
SFP;57667;2026-07-30 19:00;2026;3
SUPER;57674;2026-07-31 02:00;2026;5
WIF;57692;2026-07-31 20:00;2026;5
VELODROME;57770;2026-08-04 02:00;2026;5
BANANA;57786;2026-08-04 18:00;2026;5
TURBO;57786;2026-08-04 18:00;2026;5
CTK;57795;2026-08-05 03:00;2026;5
PORTAL;57803;2026-08-05 11:00;2026;3
ETH;57813;2026-08-05 21:00;2026;5
T;57820;2026-08-06 04:00;2026;5
NXPC;57834;2026-08-06 18:00;2026;5
SOL;57873;2026-08-08 09:00;2026;5
1000CHEEMS;57877;2026-08-08 13:00;2026;5
ETHFI;57882;2026-08-08 18:00;2026;5
PENDLE;57884;2026-08-08 20:00;2026;5
BIO;57893;2026-08-09 05:00;2026;3
NEO;57893;2026-08-09 05:00;2026;5
NEWT;57903;2026-08-09 15:00;2026;5
ONDO;57904;2026-08-09 16:00;2026;5
INJ;57925;2026-08-10 13:00;2026;5
RSR;57950;2026-08-11 14:00;2026;5
BTC;57972;2026-08-12 12:00;2026;5
XLM;57989;2026-08-13 05:00;2026;5
NOT;57996;2026-08-13 12:00;2026;3
API3;57997;2026-08-13 13:00;2026;5
NIL;58008;2026-08-14 00:00;2026;3
ETHFI;58013;2026-08-14 05:00;2026;3
ONT;58026;2026-08-14 18:00;2026;5
W;58032;2026-08-15 00:00;2026;5
CFX;58034;2026-08-15 02:00;2026;5
PORTAL;58038;2026-08-15 06:00;2026;3
USTC;58044;2026-08-15 12:00;2026;5
BIGTIME;58048;2026-08-15 16:00;2026;3
BLUR;58054;2026-08-15 22:00;2026;5
ARPA;58070;2026-08-16 14:00;2026;5
APE;58094;2026-08-17 14:00;2026;5
VIRTUAL;58096;2026-08-17 16:00;2026;5
MANA;58120;2026-08-18 16:00;2026;5
RSR;58121;2026-08-18 17:00;2026;5
ETH;58128;2026-08-19 00:00;2026;5
NEO;58141;2026-08-19 13:00;2026;5
FLOW;58144;2026-08-19 16:00;2026;5
1000CHEEMS;58145;2026-08-19 17:00;2026;3
AXL;58145;2026-08-19 17:00;2026;5
BAND;58145;2026-08-19 17:00;2026;5
CFX;58145;2026-08-19 17:00;2026;5
CHZ;58145;2026-08-19 17:00;2026;5
CVC;58145;2026-08-19 17:00;2026;5
DOGS;58145;2026-08-19 17:00;2026;5
LINK;58145;2026-08-19 17:00;2026;5
PEOPLE;58145;2026-08-19 17:00;2026;3
SUPER;58145;2026-08-19 17:00;2026;5
VELODROME;58145;2026-08-19 17:00;2026;5
SXT;58154;2026-08-20 02:00;2026;3
MAGIC;58165;2026-08-20 13:00;2026;5
IOTX;58168;2026-08-20 16:00;2026;3
GALA;58169;2026-08-20 17:00;2026;3
ICP;58169;2026-08-20 17:00;2026;3
IMX;58169;2026-08-20 17:00;2026;3
JTO;58185;2026-08-21 09:00;2026;3
MINA;58264;2026-08-24 16:00;2026;3
ONDO;58264;2026-08-24 16:00;2026;3
FIDA;58265;2026-08-24 17:00;2026;3
BIGTIME;58269;2026-08-24 21:00;2026;3
ARPA;58270;2026-08-24 22:00;2026;5
NEWT;58270;2026-08-24 22:00;2026;3
QNT;58270;2026-08-24 22:00;2026;3
